resin,polymer
Heparin Sepharose FF,1
Macro-Prep 25Q,0
Cellufine sulfate,0
Source 30S,0
CM Ceramic HyperD F,1
Q-Cellthru Bigbeads Plus,0
Poros 50 HQ,0
Q Sepharose HP,0
Poros 50 XS,0
Q Sepharose FF,0
Toyopearl SuperQ 650m,0
Toyopearl SP 650c,0
MacroPrep High S,0
EMD carboxylic M,1
Heparin Toyopearl 650m,1
EMD sulfonate M,1
Fractogel EMD COO- (M),1
Capto Q,1
SP-650 M,0
TSK-Gel Q-5PW-HR,0
Poros QE/M,0
SP Spherodex M,1
SP Sepharose BB,0
CM Spherodex M,1
CM Hyper Z,1
Source 30Q,0
Toyopearl QAE 550c,0
Q HyperD 20,1
SP Toyopearl 650m,0
Q Zirconia,1
UNO Q-1,1
CM Toyopearl 650m,0
Heparin Ceramic HyperD M,1
Separon HemaBio 1000Q,0
MacroPrep DEAE Support,0
Poros 50 HS,0
Express-Ion Q,0
SP Sepharose FF,0
DEAE Ceramic HyperD 20,1
SP Sepharose XL,1
Fractogel EMD SO3-,1
Q Sepharose XL,1
Fractogel EMD DEAE (M),1
CM Sepharose FF,0
CM-650 M,0
Fractogel EMD TMAE,1
MacroPrep CM,0
Matrex Cellufine C-500,0
S Ceramic HyperD 20,1
Fractogel EMD TMAE 650s,1
TSKGel SP-5PW-HR20,0
Poros 50 D,0
Toyopearl DEAE 650 M,0
Toyopearl SuperQ 650c,0
Fractogel EMD SE Hicap (M),1
Poros XQ,0
DEAE Sepharose FF,0
SP-550 C,0
Fractogel EMD DMAE (M),1
MacroPrep 25S,0
